{"cameraMode":{"drawMode":0,"name":"Shaded","section":"Shading Mode"},"sceneLighting":true,"audioPlay":false,"sceneViewState":{"showFog":false,"showMaterialUpdate":false,"showSkybox":false,"showFlares":false,"showImageEffects":false,"showParticleSystems":false},"in2DMode":false,"pivot":{"x":383.0346374511719,"y":261.4882507324219,"z":-14.939422607421875},"rotation":{"x":0.019803347066044809,"y":-0.02400168590247631,"z":0.0004816220316570252,"w":0.9995244741439819},"size":314.87542724609377,"orthographic":false}